17903292	rs1158167	endocrine-related traits	cystatin-c	0.000000
17903292	rs1712790	endocrine-related traits	urinary albumin excretion	0.000001
17903292	rs6977660	endocrine-related traits	thyroid stimulating hormone	0.000004
17903292	rs9322817	endocrine-related traits	thyroid stimulating hormone	0.000006
17903292	rs10499559	endocrine-related traits	thyroid stimulating hormone	0.000008
17903292	rs9305354	endocrine-related traits	urinary albumin excretion	0.000008
17903292	rs1243400	endocrine-related traits	urinary albumin excretion	0.000005
17903292	rs723464	endocrine-related traits	urinary albumin excretion	0.000010
17903292	rs1712790	endocrine-related traits	urinary albumin excretion	0.000001
17903292	rs10485409	endocrine-related traits	urinary albumin excretion	0.000010
17903292	rs1158167	endocrine-related traits	cystatin-c	0.000000
17903292	rs1158167	endocrine-related traits	cystatin-c	0.000000
17903293	rs2494250	biomarker traits	Monocyte chemoattractant protein-1	0.000000
17903293	rs4128725	biomarker traits	Monocyte chemoattractant protein-1	0.000000
17903293	rs2794520	biomarker traits	C-reactive protein average exams 2,6,7	0.000000
17903293	rs2808629	biomarker traits	C-reactive protein average exams 2,6,7	0.000000
17903293	rs2794520	biomarker traits	C-reactive protein exam 6	0.000000
17903293	rs2808629	biomarker traits	C-reactive protein exam 6	0.000000
17903293	rs7552393	biomarker traits	Tumor necrosis factor alpha	0.000001
17903293	rs746961	biomarker traits	C-reactive protein exam 6	0.000001
17903293	rs17532515	biomarker traits	Bilirubin	0.000001
17903293	rs1998303	biomarker traits	Alanine aminotransferase	0.000001
17903293	rs10489849	biomarker traits	Monocyte chemoattractant protein-1	0.000001
17903293	rs10518765	biomarker traits	Alkaline phosphatase	0.000001
17903293	rs2387326	biomarker traits	Vitamin K plasma phylloquinone	0.000001
17903293	rs1119582	biomarker traits	C-reactive protein average exams 2,6,7	0.000001
17903293	rs10485165	biomarker traits	Vitamin D plasma 25(OH)-D	0.000001
17903293	rs1417352	biomarker traits	Atrial natriuretic peptide exam 6	0.000002
17903293	rs583012	biomarker traits	C-reactive protein exam 2	0.000002
17903293	rs1486139	biomarker traits	Atrial natriuretic peptide exam 6	0.000002
17903293	rs1486140	biomarker traits	Atrial natriuretic peptide exam 6	0.000002
17903293	rs10492681	biomarker traits	Alanine aminotransferase exam 2	0.000002
17903293	rs10507577	biomarker traits	Vitamin D plasma 25(OH)-D	0.000003
17903293	rs1079596	biomarker traits	Atrial natriuretic peptide exam 6	0.000003
17903293	rs1474747	biomarker traits	Monocyte chemoattractant protein-1	0.000003
17903293	rs7778619	biomarker traits	CD40 Ligand serum	0.000003
17903293	rs8005745	biomarker traits	CD40 Ligand serum	0.000003
17903293	rs4128725	biomarker traits	Monocyte chemoattractant protein-1	0.000000
17903293	rs2494250	biomarker traits	Monocyte chemoattractant protein-1	0.000000
17903293	rs437021	biomarker traits	B-type natriuretic peptide	0.000001
17903293	rs2052028	biomarker traits	Vitamin K % undercarboxylated osteocalcin	0.000001
17903293	rs2372184	biomarker traits	CD40 Ligand plasma	0.000002
17903293	rs717145	biomarker traits	Urinary isoprostanes/creatinine	0.000005
17903293	rs4664604	biomarker traits	CD40 Ligand serum	0.000008
17903293	rs9288125	biomarker traits	CD40 Ligand serum	0.000009
17903293	rs1363258	biomarker traits	C-reactive protein exam 7	0.000009
17903293	rs17532515	biomarker traits	Bilirubin	0.000001
17903293	rs496269	biomarker traits	Osteoprotegerin	0.000009
17903293	rs3849944	biomarker traits	Intercellular adhesion molecule-1	0.000005
17903293	rs4911146	biomarker traits	Liver function: Alkaline phosphatase; AST; ALT; gamma-glutamyl transferase	0.000008
17903293	rs953402	biomarker traits	Liver function: Alkaline phosphatase; AST; ALT; gamma-glutamyl transferase	0.000009
17903293	rs1376544	biomarker traits	Vitamin D, Vitamin K phylloquinone & Vitamin K % undercarboxylated osteocalcin	0.000009
17903294	rs966321	hematological phenotypes	factor vii	0.000008
17903294	rs4591494	hematological phenotypes	factor vii	0.000009
17903294	rs10488360	hematological phenotypes	factor vii	0.000007
17903294	rs727435	hematological phenotypes	factor vii	0.000010
17903294	rs561241	hematological phenotypes	factor vii	0.000000
17903294	rs4460176	hematological phenotypes	PAI1	0.000003
17903294	rs10493485	hematological phenotypes	tissue plasminogen activator	0.000002
17903294	rs1954971	hematological phenotypes	von willebrand factor	0.000010
17903294	rs4133289	hematological phenotypes	hemoglobin	0.000000
17903294	rs1510107	hematological phenotypes	hemoglobin	0.000010
17903294	rs1160297	hematological phenotypes	hemoglobin	0.000001
17903294	rs2357013	hematological phenotypes	hemoglobin	0.000006
17903294	rs7844723	hematological phenotypes	hemoglobin	0.000002
17903294	rs1829883	hematological phenotypes	mean corpuscular hemoglobin	0.000006
17903294	rs1200821	hematological phenotypes	mean corpuscular hemoglobin	0.000006
17903294	rs1397048	hematological phenotypes	mean corpuscular hemoglobin	0.000000
17903294	rs10484128	hematological phenotypes	platelet aggregation (ADP-induced)	0.000006
17903294	rs565229	hematological phenotypes	platelet aggregation (collagen-induced)	0.000004
17903294	rs10506458	hematological phenotypes	platelet aggregation (collagen-induced)	0.000005
17903294	rs9253	hematological phenotypes	red blood cell count	0.000004
17903294	rs10489087	hematological phenotypes	red blood cell count	0.000005
17903294	rs636864	hematological phenotypes	red blood cell count	0.000006
17903294	rs727979	hematological phenotypes	red blood cell count	0.000007
17903294	rs6108011	hematological phenotypes	red blood cell count	0.000006
17903294	rs7159841	hematological phenotypes	Viscosity	0.000000
17903294	rs561241	hematological phenotypes	FVII, exam 5	0.000000
17903295	rs1528753	longevity|age-related phenotypes	Age at death	0.000000
17903295	rs2371208	longevity|age-related phenotypes	Age at death	0.000003
17903295	rs1412337	longevity|age-related phenotypes	Morbidity-free survival at age 65	0.000000
17903295	rs32566	longevity|age-related phenotypes	Morbidity-free survival at age 65	0.000000
17903295	rs10484246	longevity|age-related phenotypes	Morbidity-free survival at age 65	0.000000
17903295	rs4831837	longevity|age-related phenotypes	Morbidity-free survival at age 65	0.000000
17903295	rs2639889	longevity|age-related phenotypes	Morbidity-free survival at age 65	0.000001
17903295	rs10496265	longevity|age-related phenotypes	Age at natural menopause‡	0.000000
17903295	rs10496262	longevity|age-related phenotypes	Age at natural menopause‡	0.000000
17903295	rs958672	longevity|age-related phenotypes	Age at natural menopause‡	0.000002
17903295	rs291353	longevity|age-related phenotypes	Age at natural menopause‡	0.000005
17903295	rs7137869	longevity|age-related phenotypes	Walking speed exam 7	0.000001
17903295	rs1463605	longevity|age-related phenotypes	Biologic age by osseographic scoring system	0.000000
17903295	rs7176093	longevity|age-related phenotypes	Biologic age by osseographic scoring system	0.000007
17903295	rs3772255	longevity|age-related phenotypes	Biologic age by osseographic scoring system	0.000008
17903295	rs10493513	longevity|age-related phenotypes	Age at death	0.000002
17903295	rs10493514	longevity|age-related phenotypes	Age at death	0.000003
17903295	rs4471448	longevity|age-related phenotypes	Walking speed exam 7	0.000004
17903295	rs2543600	longevity|age-related phenotypes	Age at death	0.000004
17903296	rs6600671	tests	neck section modulus**	0.000001
17903296	rs2053506	tests	NeckZ1	0.000004
17903296	rs10510628	tests	trochanter bmd**	0.000003
17903296	rs2054989	tests	neck width**	0.000001
17903296	rs922948	tests	shaft width**	0.000002
17903296	rs991258	tests	shaft width**	0.000001
17903296	rs9291683	tests	broadband ultrasound attenuation**	0.000002
17903296	rs2548003	tests	neck section modulus**	0.000000
17903296	rs10515148	tests	neck section modulus**	0.000001
17903296	rs10514345	tests	lumbar spine bmd**	0.000002
17903296	rs4715166	tests	neck width**	0.000003
17903296	rs2214681	tests	broadband ultrasound attenuation**	0.000003
17903296	rs10503887	tests	shaft section modulus**	0.000000
17903296	rs2165468	tests	femoral bmd**	0.000001
17903296	rs1452928	tests	shaft width**	0.000001
17903296	rs638882	tests	neck section modulus**	0.000003
17903296	rs10492096	tests	shaft section modulus**	0.000003
17903296	rs10506701	tests	trochanter bmd**	0.000001
17903296	rs10506821	tests	shaft width**	0.000000
17903296	rs1590305	tests	neck section modulus**	0.000003
17903296	rs9317284	tests	femoral bmd**	0.000000
17903296	rs4087296	tests	trochanter bmd**	0.000000
17903296	rs4131805	tests	neck-shaft angle**	0.000002
17903296	rs4811196	tests	trochanter bmd**	0.000001
17903296	rs1395548	tests	neck width**	0.000001
17903296	rs1538173	tests	femoral bmd**	0.000003
17903296	rs3762397	tests	trochanter bmd**	0.000000
17903296	rs9287234	tests	shaft section modulus**	0.000008
17903296	rs914951	tests	trochanter bmd**	0.000009
17903296	rs4143244	tests	NeckW1	0.000001
17903296	rs432446	tests	neck-shaft angle**	0.000005
17903296	rs1552896	tests	neck-shaft angle**	0.000009
17903296	rs7857590	tests	neck section modulus**	0.000008
17903296	rs10508076	tests	femoral bmd**	0.000004
17903297	rs1970546	brain|aging	total cerebral brain volume	0.000000
17903297	rs2179965	brain|aging	factor 3: measure of attention and executive function-trails a and b	0.000001
17903297	rs1155865	brain|aging	boston naming test	0.000002
17903297	rs2832077	brain|aging	factor 3: measure of attention and executive function-trails a and b	0.000002
17903297	rs2352904	brain|aging	factor 2:visual memory and organization	0.000002
17903297	rs6914079	brain|aging	factor 2:visual memory and organization	0.000002
17903297	rs9325032	brain|aging	factor 2:visual memory and organization	0.000003
17903297	rs2847476	brain|aging	ALLV	0.000003
17903297	rs3891355	brain|aging	similarities	0.000003
17903297	rs5028798	brain|aging	temporal brain volume	0.000003
17903297	rs530965	brain|aging	boston naming test	0.000003
17903297	rs9303401	brain|aging	boston naming test	0.000005
17903297	rs952700	brain|aging	frontal brain volume	0.000006
17903297	rs1031381	brain|aging	factor 3: measure of attention and executive function-trails a and b	0.000006
17903297	rs10489896	brain|aging	factor 2:visual memory and organization	0.000006
17903297	rs9300212	brain|aging	wide-range achievement test	0.000008
17903297	rs1831521	brain|aging	boston naming test	0.000008
17903297	rs934299	brain|aging	factor 3: measure of attention and executive function-trails a and b	0.000009
17903297	rs360929	brain|aging	ALTHBV	0.000009
17903297	rs2893363	brain|aging	factor 2:visual memory and organization	0.000010
17903297	rs10502991	brain|aging	wide-range achievement test	0.000010
17903297	rs7124781	brain|aging	ALLV	0.000000
17903297	rs1131497	brain|aging	similarities	0.000003
17903297	rs10506065	brain|aging	wide-range achievement test	0.000005
17903297	rs3852286	brain|aging	frontal brain volume	0.000006
17903297	rs2029395	brain|aging	factor 2:visual memory and organization	0.000000
17903297	rs1433527	brain|aging	temporal brain volume	0.000000
17903297	rs502309	brain|aging	total cerebral brain volume	0.000005
17903297	rs1131497	brain|aging	similarities	0.000003
17903298	rs2722425	diabetes-related traits	28 yr time averaged fpg	0.000000
17903298	rs10497721	diabetes-related traits	Incident DM	0.000001
17903298	rs2877832	diabetes-related traits	Fasting Insulin	0.000002
17903298	rs2877832	diabetes-related traits	homeostasis model insulin resistance	0.000002
17903298	rs10510634	diabetes-related traits	28 yr time averaged fpg	0.000005
17903298	rs180730	diabetes-related traits	fasting plasma glucose	0.000005
17903298	rs180730	diabetes-related traits	28 yr time averaged fpg	0.000005
17903298	rs7731657	diabetes-related traits	28 yr time averaged fpg	0.000007
17903298	rs10486607	diabetes-related traits	hemoglobin a1c	0.000008
17903298	rs2066219	diabetes-related traits	0–120 min insulin sensitivity	0.000009
17903298	rs2722425	diabetes-related traits	fasting plasma glucose	0.000000
17903300	rs1106683	waist circumference|body mass index	Mean body mass index	0.000000
17903300	rs4471028	waist circumference|body mass index	Mean waist circumference	0.000000
17903300	rs4469448	waist circumference|body mass index	Mean waist circumference	0.000000
17903300	rs6996971	waist circumference|body mass index	Mean waist circumference	0.000000
17903300	rs10504576	waist circumference|body mass index	Mean waist circumference	0.000001
17903300	rs1875517	waist circumference|body mass index	Mean waist circumference	0.000002
17903300	rs1106684	waist circumference|body mass index	Mean body mass index	0.000002
17903300	rs1333026	waist circumference|body mass index	Mean body mass index	0.000008
17903300	rs10488165	waist circumference|body mass index	Mean waist circumference	0.000003
17903300	rs2206682	waist circumference|body mass index	Mean waist circumference	0.000004
17903300	rs2223662	waist circumference|body mass index	Mean waist circumference	0.000005
17903300	rs953536	waist circumference|body mass index	Mean waist circumference	0.000008
17903301	rs1379659	exercise responses	left ventricular diastolic dimension	0.000000
17903301	rs366676	exercise responses	left ventricular fractional shortening	0.000002
17903301	rs666088	exercise responses	left ventricular diastolic dimension	0.000005
17903301	rs10504543	exercise responses	left ventricular systolic dimension	0.000005
17903301	rs1935881	exercise responses	Left atrial diameter	0.000006
17903301	rs10498091	exercise responses	left ventricular mass	0.000006
17903301	rs10493389	exercise responses	Left atrial diameter	0.000007
17903301	rs4920799	exercise responses	left ventricular diastolic dimension	0.000007
17903301	rs10519181	exercise responses	left ventricular wall thickness	0.000010
17903301	rs6847149	exercise responses	Stage 2 Exercise heart rate	0.000003
17903301	rs2819770	exercise responses	Stage 2 Exercise heart rate	0.000004
17903301	rs746463	exercise responses	Post-exercise 3 minute recovery systolic blood pressure	0.000005
17903301	rs2056387	exercise responses	Stage 2 Exercise heart rate	0.000005
17903301	rs2553268	exercise responses	Stage 2 Exercise systolic blood pressure	0.000006
17903301	rs3814219	exercise responses	Baseline brachial artery flow velocity	0.000001
17903301	rs1392284	exercise responses	left ventricular systolic dimension	0.000006
17903301	rs2016718	exercise responses	Post-exercise 3 minute recovery systolic blood pressure	0.000000
17903301	rs1029947	exercise responses	Post-exercise 3 minute recovery heart rate	0.000001
17903301	rs1029946	exercise responses	Post-exercise 3 minute recovery heart rate	0.000004
17903301	rs1958055	exercise responses	Stage 2 Exercise heart rate	0.000009
17903301	rs7828552	exercise responses	Post-exercise 3 minute recovery systolic blood pressure	0.000009
17903301	rs4920799	exercise responses	left ventricular diastolic dimension	0.000007
17903301	rs1379659	exercise responses	left ventricular diastolic dimension	0.000000
17903301	rs10498091	exercise responses	left ventricular mass	0.000006
17903301	rs10504543	exercise responses	left ventricular systolic dimension	0.000005
17903301	rs1379659	exercise responses	Across left ventricular phenotypes	0.000000
17903301	rs10498091	exercise responses	Across left ventricular phenotypes	0.000006
17903301	rs10504543	exercise responses	Across left ventricular phenotypes	0.000005
17903301	rs2056387	exercise responses	Across phenotypes	0.000005
17903302	rs1963982	arterial stiffness|blood pressure	blood-pressure	0.000003
17903302	rs935334	arterial stiffness|blood pressure	blood-pressure	0.000003
17903302	rs4370013	arterial stiffness|blood pressure	blood-pressure	0.000004
17903302	rs10491334	arterial stiffness|blood pressure	blood-pressure	0.000004
17903302	rs2121070	arterial stiffness|blood pressure	blood-pressure	0.000005
17903302	rs2509458	arterial stiffness|blood pressure	blood-pressure	0.000007
17903302	rs10493340	arterial stiffness|blood pressure	blood-pressure	0.000002
17903302	rs6063312	arterial stiffness|blood pressure	RW	0.000002
17903302	rs770189	arterial stiffness|blood pressure	CB-PWV	0.000003
17903302	rs10514688	arterial stiffness|blood pressure	CB-PWV	0.000006
17903302	rs7042864	arterial stiffness|blood pressure	CB-PWV	0.000006
17903302	rs1322512	arterial stiffness|blood pressure	MAP	0.000008
17903302	rs1590919	arterial stiffness|blood pressure	blood-pressure	0.000001
17903302	rs636864	arterial stiffness|blood pressure	blood-pressure	0.000002
17903302	rs1588260	arterial stiffness|blood pressure	blood-pressure	0.000003
17903302	rs1539377	arterial stiffness|blood pressure	FW	0.000005
17903302	rs792833	arterial stiffness|blood pressure	RW	0.000006
17903302	rs7591163	arterial stiffness|blood pressure	blood-pressure	0.000000
17903302	rs3096277	arterial stiffness|blood pressure	blood-pressure	0.000000
17903302	rs1721359	arterial stiffness|blood pressure	blood-pressure	0.000010
17903302	rs3773643	arterial stiffness|blood pressure	MAP	0.000000
17903302	rs3793427	arterial stiffness|blood pressure	FW	0.000002
17903302	rs6492654	arterial stiffness|blood pressure	RW	0.000002
17903302	rs1367248	arterial stiffness|blood pressure	CF-PWV	0.000003
17903302	rs10521232	arterial stiffness|blood pressure	CF-PWV	0.000004
17903302	rs3766680	arterial stiffness|blood pressure	FW	0.000004
17903302	rs1371924	arterial stiffness|blood pressure	RW	0.000004
17903302	rs10488172	arterial stiffness|blood pressure	RW	0.000008
17903303	rs1376877	atherosclerosis|subclinical	Internal carotid artery intimal medial thickness	0.000000
17903303	rs2390582	atherosclerosis|subclinical	Coronary artery calcification	0.000001
17903303	rs3849150	atherosclerosis|subclinical	Abdominal aortic calcification	0.000002
17903303	rs2896103	atherosclerosis|subclinical	Ankle brachial index	0.000005
17903303	rs10483853	atherosclerosis|subclinical	Coronary artery calcification	0.000006
17903303	rs1400544	atherosclerosis|subclinical	Common carotid artery intimal medial thickness	0.000006
17903303	rs7715811	atherosclerosis|subclinical	Ankle brachial index	0.000006
17903303	rs10507130	atherosclerosis|subclinical	Coronary artery calcification	0.000007
17903303	rs1320267	atherosclerosis|subclinical	Ankle brachial index	0.000007
17903303	rs1350445	atherosclerosis|subclinical	Ankle brachial index	0.000008
17903303	rs1502050	atherosclerosis|subclinical	Ankle brachial index	0.000009
17903303	rs4814615	atherosclerosis|subclinical	Common carotid artery intimal medial thickness	0.000003
17903303	rs6053733	atherosclerosis|subclinical	Common carotid artery intimal medial thickness	0.000004
17903303	rs10499903	atherosclerosis|subclinical	Ankle brachial index	0.000004
17903303	rs9302997	atherosclerosis|subclinical	Ankle brachial index	0.000005
17903303	rs590183	atherosclerosis|subclinical	Ankle brachial index	0.000009
17903303	rs6832344	atherosclerosis|subclinical	Ankle brachial index	0.000010
17903303	rs10483853	atherosclerosis|subclinical	Coronary artery calcification	0.000006
17903304	rs958546	cardiovascular disease	atrial fibrillation	0.000005
17903304	rs499818	cardiovascular disease	Major cardiovascular disease	0.000007
17903304	rs4776472	cardiovascular disease	atrial fibrillation	0.000008
17903304	rs740363	cardiovascular disease	heart failure	0.000009
17903304	rs10501920	cardiovascular disease	atrial fibrillation	0.000009
17903304	rs2549513	cardiovascular disease	Major coronary heart disease	0.000010
19056611	rs9939609	Type 2 Diabetes	-	0.000000
19056611	rs7903146	Type 2 Diabetes	-	0.000000
19056611	rs901130	Type 2 Diabetes	-	0.000002
19056611	rs13266634	Type 2 Diabetes	-	0.000007
19056611	rs10946398	Type 2 Diabetes	-	0.000001
19056611	rs5219	Type 2 Diabetes	-	0.000000
19056611	rs564398	Type 2 Diabetes	-	0.000010
19056611	rs7901695	Type 2 Diabetes	-	0.000000
19056611	rs8050136	Type 2 Diabetes	-	0.000000
19056611	rs7132840	Type 2 Diabetes	-	0.000000
19056611	rs10811661	Type 2 Diabetes	-	0.000001
20081858	rs4506565	glucose homeostasis|type 2 diabetes	-	0.000000
20081858	rs174550	glucose homeostasis|type 2 diabetes	-	0.000000
20081858	rs2191349	glucose homeostasis|type 2 diabetes	-	0.000000
20081858	rs7034200	glucose homeostasis|type 2 diabetes	-	0.000000
20081858	rs780094	glucose homeostasis|type 2 diabetes	-	0.000000
20081858	rs4607517	glucose homeostasis|type 2 diabetes	-	0.000000
20081858	rs11558471	glucose homeostasis|type 2 diabetes	-	0.000000
20081858	rs35767	glucose homeostasis|type 2 diabetes	-	0.000000
20081858	rs11920090	glucose homeostasis|type 2 diabetes	-	0.000000
20081858	rs340874	glucose homeostasis|type 2 diabetes	-	0.000000
20081858	rs560887	glucose homeostasis|type 2 diabetes	-	0.000000
20081858	rs7944584	glucose homeostasis|type 2 diabetes	-	0.000000
20081858	rs11708067	glucose homeostasis|type 2 diabetes	-	0.000000
20081858	rs11605924	glucose homeostasis|type 2 diabetes	-	0.000000
20081858	rs10830963	glucose homeostasis|type 2 diabetes	-	0.000000
20081858	rs10885122	glucose homeostasis|type 2 diabetes	-	0.000000
20081858	rs11071657	glucose homeostasis|type 2 diabetes	-	0.000000
19503597	rs780093	Uric Acid Concentrations	-	0.000000
19503597	rs1183201	Uric Acid Concentrations	-	0.000000
19503597	rs942379	Uric Acid Concentrations	-	0.000000
19503597	rs17300741	Uric Acid Concentrations	-	0.000000
19503597	rs12356193	Uric Acid Concentrations	-	0.000000
19503597	rs9393672	Uric Acid Concentrations	-	0.000000
19503597	rs780094	Uric Acid Concentrations	-	0.000000
19503597	rs734553	Uric Acid Concentrations	-	0.000000
19503597	rs1471633	Uric Acid Concentrations	-	0.000000
19503597	rs2231142	Uric Acid Concentrations	-	0.000000
19503597	rs742132	Uric Acid Concentrations	-	0.000000
19503597	rs12498742	Uric Acid Concentrations	-	0.000000
19503597	rs505802	Uric Acid Concentrations	-	0.000000
19503597	rs2078267	Uric Acid Concentrations	-	0.000000
19503597	rs2199936	Uric Acid Concentrations	-	0.000000
19503597	rs12129861	Uric Acid Concentrations	-	0.000000
20038947	rs7151193	STAR*|major depression	-	0.000006
20038947	rs346101	STAR*|major depression	-	0.000006
20038947	rs7977950	STAR*|major depression	-	0.000001
20038947	rs435206	STAR*|major depression	-	0.000001
20038947	rs7079573	STAR*|major depression	-	0.000010
20038947	rs270592	STAR*|major depression	-	0.000002
20038947	rs644377	STAR*|major depression	-	0.000002
20038947	rs5990417	STAR*|major depression	-	0.000006
20038947	rs270584	STAR*|major depression	-	0.000000
20038947	rs10187367	STAR*|major depression	-	0.000005
20038947	rs2147256	STAR*|major depression	-	0.000009
20038947	rs7249956	STAR*|major depression	-	0.000008
20038947	rs17144465	STAR*|major depression	-	0.000001
20038947	rs724568	STAR*|major depression	-	0.000005
20038947	rs2203374	STAR*|major depression	-	0.000003
20038947	rs6694643	STAR*|major depression	-	0.000009
20038947	rs329640	STAR*|major depression	-	0.000006
20038947	rs2405829	STAR*|major depression	-	0.000004
20038947	rs17133921	STAR*|major depression	-	0.000005
20038947	rs12526133	STAR*|major depression	-	0.000002
20038947	rs1456139	STAR*|major depression	-	0.000008
20038947	rs1895943	STAR*|major depression	-	0.000009
20038947	rs10265216	STAR*|major depression	-	0.000003
20038947	rs9870680	STAR*|major depression	-	0.000001
20038947	rs11634319	STAR*|major depression	-	0.000006
20038947	rs11011581	STAR*|major depression	-	0.000006
20038947	rs644695	STAR*|major depression	-	0.000000
20038947	rs1612122	STAR*|major depression	-	0.000005
20038947	rs12462886	STAR*|major depression	-	0.000002
20038947	rs1106634	STAR*|major depression	-	0.000001
20038947	rs11710109	STAR*|major depression	-	0.000000
20038947	rs7654559	STAR*|major depression	-	0.000008
20038947	rs10900126	STAR*|major depression	-	0.000002
20038947	rs11772451	STAR*|major depression	-	0.000006
20038947	rs10007831	STAR*|major depression	-	0.000001
20038947	rs6930508	STAR*|major depression	-	0.000005
20038947	rs389967	STAR*|major depression	-	0.000001
20038947	rs7978310	STAR*|major depression	-	0.000007
20038947	rs4620978	STAR*|major depression	-	0.000006
20038947	rs1855625	STAR*|major depression	-	0.000009
20038947	rs6711718	STAR*|major depression	-	0.000002
20038947	rs867722	STAR*|major depression	-	0.000005
20038947	rs2326810	STAR*|major depression	-	0.000007
20038947	rs17077540	STAR*|major depression	-	0.000000
20072603	rs6039266	Osteoporosis	-	0.000003
20072603	rs6711417	Osteoporosis	-	0.000005
20072603	rs16894980	Osteoporosis	-	0.000005
20072603	rs3212217	Osteoporosis	-	0.000005
20072603	rs2504063	Osteoporosis	-	0.000000
20072603	rs13182402	Osteoporosis	-	0.000000
20195266	rs1534238	to antipsychotic drugs|metabolic side effects	-	0.000003
20195266	rs10502661	to antipsychotic drugs|metabolic side effects	-	0.000000
20195266	rs399885	to antipsychotic drugs|metabolic side effects	-	0.000001
20195266	rs7108821	to antipsychotic drugs|metabolic side effects	-	0.000000
20195266	rs10202231	to antipsychotic drugs|metabolic side effects	-	0.000001
20195266	rs1577917	to antipsychotic drugs|metabolic side effects	-	0.000003
20195266	rs153091	to antipsychotic drugs|metabolic side effects	-	0.000002
20195266	rs4838255	to antipsychotic drugs|metabolic side effects	-	0.000000
20195266	rs17100498	to antipsychotic drugs|metabolic side effects	-	0.000000
20195266	rs1771628	to antipsychotic drugs|metabolic side effects	-	0.000001
20195266	rs1405687	to antipsychotic drugs|metabolic side effects	-	0.000000
20195266	rs6741819	to antipsychotic drugs|metabolic side effects	-	0.000000
20195266	rs17410015	to antipsychotic drugs|metabolic side effects	-	0.000002
20195266	rs6092078	to antipsychotic drugs|metabolic side effects	-	0.000003
20195266	rs1979096	to antipsychotic drugs|metabolic side effects	-	0.000001
20195266	rs320209	to antipsychotic drugs|metabolic side effects	-	0.000000
20195266	rs10499504	to antipsychotic drugs|metabolic side effects	-	0.000000
20195266	rs7119817	to antipsychotic drugs|metabolic side effects	-	0.000000
20195266	rs1464500	to antipsychotic drugs|metabolic side effects	-	0.000000
20195266	rs2994684	to antipsychotic drugs|metabolic side effects	-	0.000000
20195266	rs7570469	to antipsychotic drugs|metabolic side effects	-	0.000001
20195266	rs17385675	to antipsychotic drugs|metabolic side effects	-	0.000003
20195266	rs13134954	to antipsychotic drugs|metabolic side effects	-	0.000002
20195266	rs8092443	to antipsychotic drugs|metabolic side effects	-	0.000001
20195266	rs13224682	to antipsychotic drugs|metabolic side effects	-	0.000000
20195266	rs13335336	to antipsychotic drugs|metabolic side effects	-	0.000001
20195266	rs17661538	to antipsychotic drugs|metabolic side effects	-	0.000001
20195266	rs11735070	to antipsychotic drugs|metabolic side effects	-	0.000001
20195266	rs1967256	to antipsychotic drugs|metabolic side effects	-	0.000000
20195266	rs1991126	to antipsychotic drugs|metabolic side effects	-	0.000001
20195266	rs4783227	to antipsychotic drugs|metabolic side effects	-	0.000000
20195266	rs620875	to antipsychotic drugs|metabolic side effects	-	0.000003
20195266	rs1117324	to antipsychotic drugs|metabolic side effects	-	0.000000
20195266	rs11954387	to antipsychotic drugs|metabolic side effects	-	0.000000
20195266	rs1568679	to antipsychotic drugs|metabolic side effects	-	0.000000
20195266	rs11663206	to antipsychotic drugs|metabolic side effects	-	0.000002
20195266	rs17651157	to antipsychotic drugs|metabolic side effects	-	0.000000
20195266	rs17216786	to antipsychotic drugs|metabolic side effects	-	0.000001
20195266	rs11163585	to antipsychotic drugs|metabolic side effects	-	0.000001
20195266	rs17100506	to antipsychotic drugs|metabolic side effects	-	0.000001
20195266	rs7105881	to antipsychotic drugs|metabolic side effects	-	0.000000
20195266	rs977396	to antipsychotic drugs|metabolic side effects	-	0.000000
20195266	rs1187614	to antipsychotic drugs|metabolic side effects	-	0.000000
20195266	rs9658108	to antipsychotic drugs|metabolic side effects	-	0.000000
20195266	rs6735179	to antipsychotic drugs|metabolic side effects	-	0.000000
20195266	rs518590	to antipsychotic drugs|metabolic side effects	-	0.000000
18369459	rs2395029	Psoriatic Arthritis|Psoriasis	-	0.000000
18369459	rs3812888	Psoriatic Arthritis|Psoriasis	-	0.000010
18369459	rs10484554	Psoriatic Arthritis|Psoriasis	-	0.000000
18369459	rs7993214	Psoriatic Arthritis|Psoriasis	-	0.000002
19587794	rs11153730	QT interval	-	0.000004
18846228	rs2251746	Serum IgE Levels	-	0.000000
18846228	rs7737470	Serum IgE Levels	-	0.000000
18846228	rs3798135	Serum IgE Levels	-	0.000000
18846228	rs2511211	Serum IgE Levels	-	0.000000
18846228	rs12368672	Serum IgE Levels	-	0.000002
18846228	rs2040704	Serum IgE Levels	-	0.000000
18846228	rs2427837	Serum IgE Levels	-	0.000000
18846228	rs2706347	Serum IgE Levels	-	0.000001
19874204	rs8057551	Femoral Neck Bone|Bone Mineral Density	-	0.000002
19874204	rs8061992	Femoral Neck Bone|Bone Mineral Density	-	0.000009
19874204	rs9630182	Femoral Neck Bone|Bone Mineral Density	-	0.000000
19874204	rs2036417	Femoral Neck Bone|Bone Mineral Density	-	0.000010
19454037	rs10499859	with left ventricular	-	0.000003
19454037	rs409045	with left ventricular	-	0.000001
18776929	rs989056	Hip Bone Size	-	0.000000
18776929	rs2342753	Hip Bone Size	-	0.000002
18776929	rs1808850	Hip Bone Size	-	0.000000
18776929	rs7595412	Hip Bone Size	-	0.000000
18776929	rs4850820	Hip Bone Size	-	0.000005
18776929	rs4850823	Hip Bone Size	-	0.000000
18776929	rs10180112	Hip Bone Size	-	0.000005
18776929	rs4850447	Hip Bone Size	-	0.000002
18776929	rs892515	Hip Bone Size	-	0.000000
18776929	rs10183584	Hip Bone Size	-	0.000002
18776929	rs7603309	Hip Bone Size	-	0.000005
18776929	rs11884188	Hip Bone Size	-	0.000000
18776929	rs4850833	Hip Bone Size	-	0.000007
18776929	rs992603	Hip Bone Size	-	0.000000
18776929	rs11681576	Hip Bone Size	-	0.000005
18776929	rs12476075	Hip Bone Size	-	0.000000
18776929	rs3771365	Hip Bone Size	-	0.000000
18776929	rs10168722	Hip Bone Size	-	0.000000
18776929	rs3771367	Hip Bone Size	-	0.000000
18776929	rs1371661	Hip Bone Size	-	0.000000
19300500	rs13147758	Pulmonary Function|COPD	-	0.000000
19300500	rs17646919	Pulmonary Function|COPD	-	0.000010
19300500	rs7655625	Pulmonary Function|COPD	-	0.000000
19300500	rs2137064	Pulmonary Function|COPD	-	0.000010
19300500	rs1828591	Pulmonary Function|COPD	-	0.000000
19300500	rs11100860	Pulmonary Function|COPD	-	0.000000
19300500	rs1017444	Pulmonary Function|COPD	-	0.000003
19300500	rs1512285	Pulmonary Function|COPD	-	0.000003
19300500	rs6471895	Pulmonary Function|COPD	-	0.000001
19300500	rs1877252	Pulmonary Function|COPD	-	0.000010
19300500	rs7707619	Pulmonary Function|COPD	-	0.000004
19300500	rs1980057	Pulmonary Function|COPD	-	0.000000
19300500	rs17086172	Pulmonary Function|COPD	-	0.000003
19300500	rs994960	Pulmonary Function|COPD	-	0.000007
19300500	rs973796	Pulmonary Function|COPD	-	0.000007
19305408	rs8049607	Cardiovascular	-	0.000000
19305408	rs37062	Cardiovascular	-	0.000000
19305408	rs2968864	Cardiovascular	-	0.000000
19305408	rs12053903	Cardiovascular	-	0.000000
19305408	rs4725982	Cardiovascular	-	0.000000
19305408	rs12576239	Cardiovascular	-	0.000000
19305408	rs2074238	Cardiovascular	-	0.000000
19305408	rs12143842	Cardiovascular	-	0.000000
19305408	rs11756438	Cardiovascular	-	0.000000
19305408	rs846111	Cardiovascular	-	0.000000
19305408	rs2074518	Cardiovascular	-	0.000000
19305408	rs1805128	Cardiovascular	-	0.000000
19305408	rs12029454	Cardiovascular	-	0.000000
19305408	rs16857031	Cardiovascular	-	0.000000
19734902	rs11894266	Alzheimer's disease,	-	0.000001
19734902	rs157580	Alzheimer's disease,	-	0.000000
19734902	rs8106922	Alzheimer's disease,	-	0.000000
19734902	rs10501927	Alzheimer's disease,	-	0.000002
19734902	rs2075650	Alzheimer's disease,	-	0.000000
19734902	rs9446432	Alzheimer's disease,	-	0.000003
19734902	rs1408077	Alzheimer's disease,	-	0.000008
19734902	rs11136000	Alzheimer's disease,	-	0.000000
19734902	rs9384428	Alzheimer's disease,	-	0.000008
19734902	rs6701713	Alzheimer's disease,	-	0.000009
19734902	rs744373	Alzheimer's disease,	-	0.000003
19734902	rs610932	Alzheimer's disease,	-	0.000001
19734902	rs676309	Alzheimer's disease,	-	0.000006
19734902	rs1539053	Alzheimer's disease,	-	0.000007
19734902	rs405509	Alzheimer's disease,	-	0.000000
19734902	rs3818361	Alzheimer's disease,	-	0.000009
19734902	rs11827375	Alzheimer's disease,	-	0.000007
19734902	rs7561528	Alzheimer's disease,	-	0.000003
19734902	rs3851179	Alzheimer's disease,	-	0.000000
19734902	rs583791	Alzheimer's disease,	-	0.000005
19734902	rs662196	Alzheimer's disease,	-	0.000005
19734902	rs6859	Alzheimer's disease,	-	0.000000
19734902	rs1157242	Alzheimer's disease,	-	0.000007
18464913	rs5751901	Protein Quantitative Trait	-	0.000000
18464913	rs4796217	Protein Quantitative Trait	-	0.000000
18464913	rs7770628	Protein Quantitative Trait	-	0.000000
18464913	rs6761276	Protein Quantitative Trait	-	0.000007
18464913	rs2250417	Protein Quantitative Trait	-	0.000000
18464913	rs505922	Protein Quantitative Trait	-	0.000000
18464913	rs6761	Protein Quantitative Trait	-	0.000000
18464913	rs12093699	Protein Quantitative Trait	-	0.000006
18464913	rs4129267	Protein Quantitative Trait	-	0.000000
19557197	rs17008958	Adiposity|Waist Circumference	-	0.000005
19557197	rs7138803	Adiposity|Waist Circumference	-	0.000001
19557197	rs7932813	Adiposity|Waist Circumference	-	0.000005
19557197	rs981113	Adiposity|Waist Circumference	-	0.000001
19557197	rs11857639	Adiposity|Waist Circumference	-	0.000008
19557197	rs17476669	Adiposity|Waist Circumference	-	0.000008
19557197	rs1555967	Adiposity|Waist Circumference	-	0.000002
19557197	rs4701252	Adiposity|Waist Circumference	-	0.000002
19557197	rs6714750	Adiposity|Waist Circumference	-	0.000002
19557197	rs7338657	Adiposity|Waist Circumference	-	0.000001
19557197	rs569406	Adiposity|Waist Circumference	-	0.000005
19557197	rs17537900	Adiposity|Waist Circumference	-	0.000007
19557197	rs17201502	Adiposity|Waist Circumference	-	0.000004
19557197	rs6837818	Adiposity|Waist Circumference	-	0.000005
19557197	rs2365642	Adiposity|Waist Circumference	-	0.000004
19557197	rs10146997	Adiposity|Waist Circumference	-	0.000000
19557197	rs4420638	Adiposity|Waist Circumference	-	0.000004
19668339	rs12657273	Hippocampal Atrophy|Alzheimer's Disease	-	0.000009
19668339	rs8115854	Hippocampal Atrophy|Alzheimer's Disease	-	0.000002
19668339	rs9918508	Hippocampal Atrophy|Alzheimer's Disease	-	0.000008
19668339	rs2075650	Hippocampal Atrophy|Alzheimer's Disease	-	0.000001
19668339	rs11626056	Hippocampal Atrophy|Alzheimer's Disease	-	0.000001
19668339	rs2124799	Hippocampal Atrophy|Alzheimer's Disease	-	0.000009
19668339	rs4773460	Hippocampal Atrophy|Alzheimer's Disease	-	0.000002
19668339	rs1373549	Hippocampal Atrophy|Alzheimer's Disease	-	0.000008
19668339	rs10781380	Hippocampal Atrophy|Alzheimer's Disease	-	0.000001
19668339	rs6881634	Hippocampal Atrophy|Alzheimer's Disease	-	0.000002
19668339	rs7727656	Hippocampal Atrophy|Alzheimer's Disease	-	0.000008
19668339	rs9301535	Hippocampal Atrophy|Alzheimer's Disease	-	0.000008
19668339	rs1364705	Hippocampal Atrophy|Alzheimer's Disease	-	0.000009
19668339	rs429358	Hippocampal Atrophy|Alzheimer's Disease	-	0.000000
19668339	rs2073145	Hippocampal Atrophy|Alzheimer's Disease	-	0.000002
19668339	rs11525066	Hippocampal Atrophy|Alzheimer's Disease	-	0.000003
19668339	rs12654281	Hippocampal Atrophy|Alzheimer's Disease	-	0.000000
19668339	rs10276619	Hippocampal Atrophy|Alzheimer's Disease	-	0.000003
19668339	rs337847	Hippocampal Atrophy|Alzheimer's Disease	-	0.000007
19668339	rs10074258	Hippocampal Atrophy|Alzheimer's Disease	-	0.000000
19668339	rs1082714	Hippocampal Atrophy|Alzheimer's Disease	-	0.000005
19668339	rs1888414	Hippocampal Atrophy|Alzheimer's Disease	-	0.000000
19668339	rs10867752	Hippocampal Atrophy|Alzheimer's Disease	-	0.000003
19668339	rs682748	Hippocampal Atrophy|Alzheimer's Disease	-	0.000008
19668339	rs6031882	Hippocampal Atrophy|Alzheimer's Disease	-	0.000006
19668339	rs4845552	Hippocampal Atrophy|Alzheimer's Disease	-	0.000006
19668339	rs6590322	Hippocampal Atrophy|Alzheimer's Disease	-	0.000009
20190752	rs13003464	celiac disease|Multiple	-	0.000000
20190752	rs2298428	celiac disease|Multiple	-	0.000000
20190752	rs6974491	celiac disease|Multiple	-	0.000000
20190752	rs2762051	celiac disease|Multiple	-	0.000001
20190752	rs9792269	celiac disease|Multiple	-	0.000000
20190752	rs2327832	celiac disease|Multiple	-	0.000000
20190752	rs1738074	celiac disease|Multiple	-	0.000000
20190752	rs802734	celiac disease|Multiple	-	0.000000
20190752	rs11221332	celiac disease|Multiple	-	0.000000
20190752	rs296547	celiac disease|Multiple	-	0.000000
20190752	rs864537	celiac disease|Multiple	-	0.000000
20190752	rs917997	celiac disease|Multiple	-	0.000000
20190752	rs1033180	celiac disease|Multiple	-	0.000000
20190752	rs4899260	celiac disease|Multiple	-	0.000000
20190752	rs11712165	celiac disease|Multiple	-	0.000000
20190752	rs10903122	celiac disease|Multiple	-	0.000000
20190752	rs1464510	celiac disease|Multiple	-	0.000000
20190752	rs1893217	celiac disease|Multiple	-	0.000000
20190752	rs12727642	celiac disease|Multiple	-	0.000000
20190752	rs6691768	celiac disease|Multiple	-	0.000000
20190752	rs2074404	celiac disease|Multiple	-	0.000000
20190752	rs5979785	celiac disease|Multiple	-	0.000000
20190752	rs859637	celiac disease|Multiple	-	0.000002
20190752	rs10806425	celiac disease|Multiple	-	0.000000
20190752	rs11922594	celiac disease|Multiple	-	0.000000
20190752	rs4819388	celiac disease|Multiple	-	0.000000
20190752	rs3816281	celiac disease|Multiple	-	0.000000
20190752	rs13010713	celiac disease|Multiple	-	0.000000
20190752	rs1250552	celiac disease|Multiple	-	0.000000
20190752	rs13151961	celiac disease|Multiple	-	0.000000
20190752	rs842647	celiac disease|Multiple	-	0.000000
20190752	rs12928822	celiac disease|Multiple	-	0.000000
20190752	rs13098911	celiac disease|Multiple	-	0.000000
20190752	rs4675374	celiac disease|Multiple	-	0.000000
20190752	rs6441961	celiac disease|Multiple	-	0.000000
20190752	rs10936599	celiac disease|Multiple	-	0.000000
20190752	rs653178	celiac disease|Multiple	-	0.000000
20190752	rs17035378	celiac disease|Multiple	-	0.000000
20190752	rs6806528	celiac disease|Multiple	-	0.000000
20190752	rs17810546	celiac disease|Multiple	-	0.000000
20190752	rs3748816	celiac disease|Multiple	-	0.000000
20190752	rs13314993	celiac disease|Multiple	-	0.000000
18941528	rs4284505	Multiple Sclerosis at	-	0.000000
18941528	rs1327328	Multiple Sclerosis at	-	0.000000
17684544	rs11209026	IBD Disease	-	0.000000
17684544	rs1992662	IBD Disease	-	0.000000
17684544	rs1992660	IBD Disease	-	0.000000
17684544	rs2066844	IBD Disease	-	0.000000
17684544	rs1553575	IBD Disease	-	0.000002
17684544	rs1793004	IBD Disease	-	0.000000
17684544	rs2066845	IBD Disease	-	0.000000
17684544	rs2241880	IBD Disease	-	0.000001
17684544	rs2066847	IBD Disease	-	0.000000
17684544	rs10484545	IBD Disease	-	0.000000
17684544	rs2076756	IBD Disease	-	0.000000
19096518	rs6709087	Glycated Hemoglobin	-	0.000000
19096518	rs552976	Glycated Hemoglobin	-	0.000000
19096518	rs560887	Glycated Hemoglobin	-	0.000000
19096518	rs1799884	Glycated Hemoglobin	-	0.000000
19096518	rs13266634	Glycated Hemoglobin	-	0.000000
19096518	rs730497	Glycated Hemoglobin	-	0.000000
19096518	rs4607517	Glycated Hemoglobin	-	0.000000
19096518	rs7072268	Glycated Hemoglobin	-	0.000000
19096518	rs906216	Glycated Hemoglobin	-	0.000000
19096518	rs563694	Glycated Hemoglobin	-	0.000000
19096518	rs1402837	Glycated Hemoglobin	-	0.000000
19096518	rs2305198	Glycated Hemoglobin	-	0.000000
19714205	rs6063725	Asthma	-	0.000004
19714205	rs1867612	Asthma	-	0.000002
19714205	rs2247572	Asthma	-	0.000002
19714205	rs2378383	Asthma	-	0.000007
19714205	rs720810	Asthma	-	0.000005
19779542	rs577948	Pathological Myopia at	-	0.000000
19779542	rs11218544	Pathological Myopia at	-	0.000005
19247474	rs6437740	Smoking Behaviors	-	0.000000
19247474	rs10989661	Smoking Behaviors	-	0.000006
19247474	rs11082304	Smoking Behaviors	-	0.000006
19247474	rs800082	Smoking Behaviors	-	0.000003
19247474	rs6452953	Smoking Behaviors	-	0.000007
19247474	rs10411195	Smoking Behaviors	-	0.000006
19247474	rs933688	Smoking Behaviors	-	0.000006
19247474	rs910696	Smoking Behaviors	-	0.000003
19247474	rs950063	Smoking Behaviors	-	0.000009
19247474	rs912969	Smoking Behaviors	-	0.000008
19247474	rs1889899	Smoking Behaviors	-	0.000006
19247474	rs17050782	Smoking Behaviors	-	0.000008
19247474	rs3112740	Smoking Behaviors	-	0.000006
19247474	rs7553864	Smoking Behaviors	-	0.000003
19247474	rs4722613	Smoking Behaviors	-	0.000009
19247474	rs6862125	Smoking Behaviors	-	0.000008
19247474	rs1402279	Smoking Behaviors	-	0.000005
19247474	rs1847461	Smoking Behaviors	-	0.000008
19247474	rs9289678	Smoking Behaviors	-	0.000004
19247474	rs3027409	Smoking Behaviors	-	0.000007
19247474	rs6444087	Smoking Behaviors	-	0.000009
19247474	rs758642	Smoking Behaviors	-	0.000007
19247474	rs886716	Smoking Behaviors	-	0.000008
19247474	rs1400363	Smoking Behaviors	-	0.000010
19247474	rs7050529	Smoking Behaviors	-	0.000003
19247474	rs2268983	Smoking Behaviors	-	0.000007
19247474	rs719015	Smoking Behaviors	-	0.000004
19247474	rs10859032	Smoking Behaviors	-	0.000008
19412175	rs17487792	susceptibility to|neuroblastoma	-	0.000000
19412175	rs2229571	susceptibility to|neuroblastoma	-	0.000003
19412175	rs6715570	susceptibility to|neuroblastoma	-	0.000000
19412175	rs6435862	susceptibility to|neuroblastoma	-	0.000000
19412175	rs7585356	susceptibility to|neuroblastoma	-	0.000001
19412175	rs3768716	susceptibility to|neuroblastoma	-	0.000000
19412175	rs2070094	susceptibility to|neuroblastoma	-	0.000000
19412175	rs7587476	susceptibility to|neuroblastoma	-	0.000000
19412175	rs1048108	susceptibility to|neuroblastoma	-	0.000000
19412175	rs6712055	susceptibility to|neuroblastoma	-	0.000000
19412176	rs12587781	Narcolepsy|with the	-	0.000000
19412176	rs1263646	Narcolepsy|with the	-	0.000000
19412176	rs1154155	Narcolepsy|with the	-	0.000000
19503088	rs13017599	rheumatoid arthritis	-	0.000000
19503088	rs2736340	rheumatoid arthritis	-	0.000001
19503088	rs13031237	rheumatoid arthritis	-	0.000000
20041166	rs2395029	HIV-1	-	0.000000
20041166	rs333	HIV-1	-	0.000000
20041166	rs9264942	HIV-1	-	0.000000
18455228	rs4355801	, osteoporosis,|osteoporotic fractures	-	0.000000
18455228	rs3736228	, osteoporosis,|osteoporotic fractures	-	0.000000
19300499	rs1799853	Warfarin	-	0.000000
19300499	rs1057910	Warfarin	-	0.000000
19300499	rs9923231	Warfarin	-	0.000000
19300499	rs2108622	Warfarin	-	0.000000
19915575	rs11931074	Parkinson’s disease	-	0.000000
19915575	rs393152	Parkinson’s disease	-	0.000000
19915575	rs11240572	Parkinson’s disease	-	0.000001
19915575	rs2896905	Parkinson’s disease	-	0.000005
19915575	rs199533	Parkinson’s disease	-	0.000000
19915575	rs823128	Parkinson’s disease	-	0.000000
19915575	rs3857059	Parkinson’s disease	-	0.000000
19915575	rs17563986	Parkinson’s disease	-	0.000000
19915575	rs2736990	Parkinson’s disease	-	0.000000
19772629	rs6936388	onset age|Parkinson disease	-	0.000009
19772629	rs17663983	onset age|Parkinson disease	-	0.000008
19772629	rs11899121	onset age|Parkinson disease	-	0.000003
19772629	rs1572662	onset age|Parkinson disease	-	0.000008
19772629	rs17817190	onset age|Parkinson disease	-	0.000002
19772629	rs7577851	onset age|Parkinson disease	-	0.000009
19772629	rs10767971	onset age|Parkinson disease	-	0.000001
19772629	rs12829697	onset age|Parkinson disease	-	0.000007
19772629	rs1355637	onset age|Parkinson disease	-	0.000005
19772629	rs10918270	onset age|Parkinson disease	-	0.000001
19772629	rs1941184	onset age|Parkinson disease	-	0.000004
19772629	rs4771006	onset age|Parkinson disease	-	0.000007
19772629	rs7556447	onset age|Parkinson disease	-	0.000008
19772629	rs4791571	onset age|Parkinson disease	-	0.000006
19772629	rs10773917	onset age|Parkinson disease	-	0.000004
19772629	rs10147486	onset age|Parkinson disease	-	0.000001
19772629	rs3887942	onset age|Parkinson disease	-	0.000006
19772629	rs17565841	onset age|Parkinson disease	-	0.000001
19772629	rs12261736	onset age|Parkinson disease	-	0.000000
19772629	rs10420134	onset age|Parkinson disease	-	0.000007
19772629	rs1420143	onset age|Parkinson disease	-	0.000004
19772629	rs9904572	onset age|Parkinson disease	-	0.000001
19772629	rs676495	onset age|Parkinson disease	-	0.000009
19772629	rs7076519	onset age|Parkinson disease	-	0.000001
19597492	rs17042171	atrial fibrillation	-	0.000000
19597492	rs2106261	atrial fibrillation	-	0.000000
19597492	rs17375901	atrial fibrillation	-	0.000000
19801982	rs599083	bone mineral density	-	0.000000
19801982	rs9533090	bone mineral density	-	0.000000
19801982	rs2062377	bone mineral density	-	0.000000
19801982	rs7932354	bone mineral density	-	0.000000
19801982	rs16921914	bone mineral density	-	0.000000
19801982	rs2016266	bone mineral density	-	0.000000
19801982	rs11995824	bone mineral density	-	0.000000
19801982	rs2941740	bone mineral density	-	0.000000
19801982	rs7524102	bone mineral density	-	0.000000
19801982	rs2566755	bone mineral density	-	0.000000
19801982	rs11898505	bone mineral density	-	0.000000
19801982	rs2504063	bone mineral density	-	0.000000
19801982	rs1366594	bone mineral density	-	0.000000
19801982	rs7781370	bone mineral density	-	0.000000
19801982	rs884205	bone mineral density	-	0.000000
19801982	rs87938	bone mineral density	-	0.000000
19801982	rs4729260	bone mineral density	-	0.000000
19801982	rs228769	bone mineral density	-	0.000000
19801982	rs7117858	bone mineral density	-	0.000000
19801982	rs6426749	bone mineral density	-	0.000000
19801982	rs1430742	bone mineral density	-	0.000000
19801982	rs1524058	bone mineral density	-	0.000000
19801982	rs10048146	bone mineral density	-	0.000000
19801982	rs9303521	bone mineral density	-	0.000000
19801982	rs1471403	bone mineral density	-	0.000000
20062060	rs6800541	PR interval	-	0.000000
20062060	rs3807989	PR interval	-	0.000000
20062060	rs11897119	PR interval	-	0.000000
20062060	rs251253	PR interval	-	0.000000
20062060	rs1896312	PR interval	-	0.000000
20062060	rs7692808	PR interval	-	0.000000
20062060	rs4944092	PR interval	-	0.000000
20062060	rs11708996	PR interval	-	0.000000
20062060	rs11047543	PR interval	-	0.000000
18483556	rs9806558	Hair Color|Skin Pigmentation	-	0.000003
18483556	rs4785763	Hair Color|Skin Pigmentation	-	0.000000
18483556	rs10861741	Hair Color|Skin Pigmentation	-	0.000002
18483556	rs7196459	Hair Color|Skin Pigmentation	-	0.000000
18483556	rs6497268	Hair Color|Skin Pigmentation	-	0.000000
18483556	rs12203592	Hair Color|Skin Pigmentation	-	0.000000
18483556	rs7495174	Hair Color|Skin Pigmentation	-	0.000000
18483556	rs11855019	Hair Color|Skin Pigmentation	-	0.000000
18483556	rs8033165	Hair Color|Skin Pigmentation	-	0.000000
18483556	rs9392056	Hair Color|Skin Pigmentation	-	0.000004
18483556	rs16950987	Hair Color|Skin Pigmentation	-	0.000000
18483556	rs1667394	Hair Color|Skin Pigmentation	-	0.000000
18483556	rs7195066	Hair Color|Skin Pigmentation	-	0.000000
18483556	rs35391	Hair Color|Skin Pigmentation	-	0.000000
18483556	rs1635168	Hair Color|Skin Pigmentation	-	0.000000
18483556	rs7174027	Hair Color|Skin Pigmentation	-	0.000000
18483556	rs2241039	Hair Color|Skin Pigmentation	-	0.000000
18483556	rs164741	Hair Color|Skin Pigmentation	-	0.000000
18483556	rs8028689	Hair Color|Skin Pigmentation	-	0.000000
18483556	rs916977	Hair Color|Skin Pigmentation	-	0.000000
18483556	rs7188458	Hair Color|Skin Pigmentation	-	0.000000
18483556	rs12142165	Hair Color|Skin Pigmentation	-	0.000006
18483556	rs2353033	Hair Color|Skin Pigmentation	-	0.000000
18483556	rs12896399	Hair Color|Skin Pigmentation	-	0.000000
18483556	rs4238833	Hair Color|Skin Pigmentation	-	0.000000
18483556	rs4408545	Hair Color|Skin Pigmentation	-	0.000000
18483556	rs11636232	Hair Color|Skin Pigmentation	-	0.000000
18483556	rs7204478	Hair Color|Skin Pigmentation	-	0.000000
18483556	rs2493040	Hair Color|Skin Pigmentation	-	0.000003
18483556	rs12913832	Hair Color|Skin Pigmentation	-	0.000000
18483556	rs6918152	Hair Color|Skin Pigmentation	-	0.000000
18483556	rs8007923	Hair Color|Skin Pigmentation	-	0.000001
18483556	rs258322	Hair Color|Skin Pigmentation	-	0.000000
18483556	rs4778211	Hair Color|Skin Pigmentation	-	0.000000
18483556	rs8049897	Hair Color|Skin Pigmentation	-	0.000000
18483556	rs6918153	Hair Color|Skin Pigmentation	-	0.000003
18483556	rs7183877	Hair Color|Skin Pigmentation	-	0.000000
18483556	rs1540771	Hair Color|Skin Pigmentation	-	0.000003
18483556	rs4904866	Hair Color|Skin Pigmentation	-	0.000000
18483556	rs28777	Hair Color|Skin Pigmentation	-	0.000000
18483556	rs8039195	Hair Color|Skin Pigmentation	-	0.000000
19401414	rs4712523	Type 2 Diabetes|Multiple	-	0.000000
19401414	rs7903146	Type 2 Diabetes|Multiple	-	0.000000
19401414	rs2237892	Type 2 Diabetes|Multiple	-	0.000000
19401414	rs4402960	Type 2 Diabetes|Multiple	-	0.000001
19401414	rs13266634	Type 2 Diabetes|Multiple	-	0.000000
19401414	rs1111875	Type 2 Diabetes|Multiple	-	0.000000
19401414	rs2383208	Type 2 Diabetes|Multiple	-	0.000000
19401414	rs7754840	Type 2 Diabetes|Multiple	-	0.000000
19401414	rs7756992	Type 2 Diabetes|Multiple	-	0.000000
19401414	rs10811661	Type 2 Diabetes|Multiple	-	0.000000
19571809	rs10865802	schizophrenia	-	0.000007
19571809	rs17149524	schizophrenia	-	0.000010
19571809	rs17693963	schizophrenia	-	0.000000
19571809	rs6938200	schizophrenia	-	0.000000
19571809	rs17149424	schizophrenia	-	0.000008
19571809	rs17176973	schizophrenia	-	0.000002
19571809	rs3800318	schizophrenia	-	0.000000
19571809	rs7746199	schizophrenia	-	0.000000
19571809	rs16941261	schizophrenia	-	0.000001
19571809	rs13199775	schizophrenia	-	0.000000
19571809	rs13195040	schizophrenia	-	0.000000
19571809	rs3751954	schizophrenia	-	0.000005
19571809	rs7776351	schizophrenia	-	0.000000
19571809	rs10140896	schizophrenia	-	0.000001
19571809	rs9467626	schizophrenia	-	0.000000
19571809	rs9272535	schizophrenia	-	0.000000
19571809	rs926300	schizophrenia	-	0.000000
19571809	rs13025591	schizophrenia	-	0.000000
19571809	rs6939997	schizophrenia	-	0.000000
19571809	rs2072806	schizophrenia	-	0.000001
19571809	rs2072803	schizophrenia	-	0.000001
19571809	rs1864744	schizophrenia	-	0.000008
19571809	rs6809315	schizophrenia	-	0.000008
19571809	rs6913660	schizophrenia	-	0.000000
19571809	rs17833407	schizophrenia	-	0.000003
19571809	rs10484399	schizophrenia	-	0.000000
19571809	rs3800307	schizophrenia	-	0.000000
19571809	rs16897515	schizophrenia	-	0.000000
19571809	rs13219181	schizophrenia	-	0.000000
19571809	rs6904071	schizophrenia	-	0.000000
19571809	rs3800316	schizophrenia	-	0.000000
19571809	rs13212921	schizophrenia	-	0.000000
19571809	rs9461219	schizophrenia	-	0.000000
19571809	rs13219354	schizophrenia	-	0.000000
19571809	rs6932590	schizophrenia	-	0.000000
19571809	rs9272219	schizophrenia	-	0.000000
19571809	rs12182446	schizophrenia	-	0.000000
19571809	rs1635239	schizophrenia	-	0.000003
19571809	rs11061935	schizophrenia	-	0.000004
19571809	rs915071	schizophrenia	-	0.000004
19571809	rs1851196	schizophrenia	-	0.000002
19571809	rs4452638	schizophrenia	-	0.000000
19571809	rs13194053	schizophrenia	-	0.000000
19571809	rs2162361	schizophrenia	-	0.000009
20066028	rs10513684	Cholesterol Levels	-	0.000001
20066028	rs2292883	Cholesterol Levels	-	0.000000
20066028	rs5400	Cholesterol Levels	-	0.000002
20066028	rs1532624	Cholesterol Levels	-	0.000001
20066028	rs9863761	Cholesterol Levels	-	0.000005
19300482	rs735243	COPD|Chronic Obstructive Pulmonary Disease	-	0.000000
19300482	rs1051730	COPD|Chronic Obstructive Pulmonary Disease	-	0.000000
19300482	rs1828591	COPD|Chronic Obstructive Pulmonary Disease	-	0.000000
19300482	rs9686327	COPD|Chronic Obstructive Pulmonary Disease	-	0.000000
19300482	rs13118928	COPD|Chronic Obstructive Pulmonary Disease	-	0.000000
19300482	rs11219732	COPD|Chronic Obstructive Pulmonary Disease	-	0.000004
19300482	rs8034191	COPD|Chronic Obstructive Pulmonary Disease	-	0.000000
19430480	rs1534422	type 1 diabetes	-	0.000002
19430480	rs4788084	type 1 diabetes	-	0.000000
19430480	rs5753037	type 1 diabetes	-	0.000000
19430480	rs2476601	type 1 diabetes	-	0.000000
19430480	rs7221109	type 1 diabetes	-	0.000000
19430480	rs11203203	type 1 diabetes	-	0.000000
19430480	rs12444268	type 1 diabetes	-	0.000000
19430480	rs7202877	type 1 diabetes	-	0.000000
19430480	rs4505848	type 1 diabetes	-	0.000000
19430480	rs9388489	type 1 diabetes	-	0.000000
19430480	rs12708716	type 1 diabetes	-	0.000000
19430480	rs16956936	type 1 diabetes	-	0.000001
19430480	rs10509540	type 1 diabetes	-	0.000000
19430480	rs11755527	type 1 diabetes	-	0.000000
19430480	rs3825932	type 1 diabetes	-	0.000000
19430480	rs1465788	type 1 diabetes	-	0.000000
19430480	rs2269241	type 1 diabetes	-	0.000000
19430480	rs1893217	type 1 diabetes	-	0.000000
19430480	rs7804356	type 1 diabetes	-	0.000000
19430480	rs10517086	type 1 diabetes	-	0.000000
19430480	rs229541	type 1 diabetes	-	0.000000
19430480	rs1990760	type 1 diabetes	-	0.000000
19430480	rs7020673	type 1 diabetes	-	0.000000
19430480	rs4900384	type 1 diabetes	-	0.000000
19430480	rs11258747	type 1 diabetes	-	0.000000
19430480	rs4948088	type 1 diabetes	-	0.000000
19430480	rs2292239	type 1 diabetes	-	0.000000
19430480	rs4763879	type 1 diabetes	-	0.000000
19430480	rs3024505	type 1 diabetes	-	0.000000
19430480	rs3087243	type 1 diabetes	-	0.000000
19430480	rs2281808	type 1 diabetes	-	0.000000
19430480	rs425105	type 1 diabetes	-	0.000000
19430480	rs7111341	type 1 diabetes	-	0.000000
19430480	rs2290400	type 1 diabetes	-	0.000000
19430480	rs2664170	type 1 diabetes	-	0.000000
19430480	rs12251307	type 1 diabetes	-	0.000000
19430480	rs3184504	type 1 diabetes	-	0.000000
19430483	rs1378942	blood pressure	-	0.000000
19430483	rs16948048	blood pressure	-	0.000005
19430483	rs1530440	blood pressure	-	0.000003
19430483	rs12946454	blood pressure	-	0.000004
19430483	rs653178	blood pressure	-	0.000000
19430483	rs11191548	blood pressure	-	0.000000
19430483	rs17367504	blood pressure	-	0.000000
19430483	rs16998073	blood pressure	-	0.000000
19132087	rs17531088	Kawasaki Disease	-	0.000001
19132087	rs9834548	Kawasaki Disease	-	0.000010
19132087	rs7199343	Kawasaki Disease	-	0.000002
19122664	rs6426833	Ulcerative colitis	-	0.000000
19122664	rs2395185	Ulcerative colitis	-	0.000000
19122664	rs10889677	Ulcerative colitis	-	0.000000
19122664	rs2870946	Ulcerative colitis	-	0.000000
19122664	rs11209026	Ulcerative colitis	-	0.000000
19122664	rs11465804	Ulcerative colitis	-	0.000001
19122664	rs3806308	Ulcerative colitis	-	0.000000
19122664	rs1004819	Ulcerative colitis	-	0.000002
19122664	rs10753575	Ulcerative colitis	-	0.000000
19122664	rs1558744	Ulcerative colitis	-	0.000000
19122664	rs7134599	Ulcerative colitis	-	0.000000
19197348	rs2808693	trait	-	0.000010
19197348	rs3890182	trait	-	0.000000
19197348	rs11514766	trait	-	0.000003
19197348	rs7804166	trait	-	0.000003
19197348	rs6560749	trait	-	0.000002
19197348	rs527485	trait	-	0.000007
19197348	rs6440003	trait	-	0.000000
19197348	rs2282978	trait	-	0.000000
19197348	rs678962	trait	-	0.000000
19197348	rs10243770	trait	-	0.000005
19197348	rs7561273	trait	-	0.000006
19197348	rs6489780	trait	-	0.000008
19197348	rs2805809	trait	-	0.000004
19197348	rs16874905	trait	-	0.000010
19197348	rs4628581	trait	-	0.000004
19197348	rs3748069	trait	-	0.000000
19197348	rs12654264	trait	-	0.000000
19197348	rs10119795	trait	-	0.000005
19197348	rs4237348	trait	-	0.000003
19197348	rs7755109	trait	-	0.000000
19197348	rs7895372	trait	-	0.000006
19197348	rs17711796	trait	-	0.000007
19197348	rs6830062	trait	-	0.000000
19197348	rs2805810	trait	-	0.000006
19197348	rs10431387	trait	-	0.000008
19197348	rs6909430	trait	-	0.000008
19197348	rs7225461	trait	-	0.000000
19197348	rs16996148	trait	-	0.000000
19197348	rs6589567	trait	-	0.000000
19197348	rs2562784	trait	-	0.000000
19197348	rs10241703	trait	-	0.000002
19197348	rs1962785	trait	-	0.000004
19197348	rs254893	trait	-	0.000005
19197348	rs2222328	trait	-	0.000001
19197348	rs12411264	trait	-	0.000000
19197348	rs10983893	trait	-	0.000002
19197348	rs10928195	trait	-	0.000004
19197348	rs328	trait	-	0.000000
19197348	rs2668804	trait	-	0.000006
19197348	rs6959674	trait	-	0.000003
19197348	rs9939609	trait	-	0.000000
19197348	rs2849176	trait	-	0.000000
19197348	rs10848704	trait	-	0.000002
19197348	rs4533267	trait	-	0.000000
19197348	rs1812175	trait	-	0.000000
19197348	rs4704397	trait	-	0.000000
19197348	rs2225614	trait	-	0.000003
19197348	rs10437838	trait	-	0.000006
19197348	rs10245389	trait	-	0.000010
19197348	rs1039302	trait	-	0.000005
19197348	rs10849788	trait	-	0.000009
19197348	rs6066084	trait	-	0.000002
19197348	rs6066085	trait	-	0.000002
19197348	rs7846385	trait	-	0.000000
19197348	rs1799884	trait	-	0.000000
19197348	rs17145738	trait	-	0.000000
19197348	rs2554622	trait	-	0.000010
19197348	rs6763931	trait	-	0.000000
19197348	rs1874326	trait	-	0.000009
19197348	rs613391	trait	-	0.000005
19197348	rs755109	trait	-	0.000001
19197348	rs7396851	trait	-	0.000000
19197348	rs1588635	trait	-	0.000004
19197348	rs6956479	trait	-	0.000006
19197348	rs12978414	trait	-	0.000004
19197348	rs6060369	trait	-	0.000000
19197348	rs12531984	trait	-	0.000005
19197348	rs10518224	trait	-	0.000007
19197348	rs17782313	trait	-	0.000000
19197348	rs655601	trait	-	0.000005
19197348	rs2722750	trait	-	0.000004
19197348	rs11066595	trait	-	0.000007
19197348	rs10498712	trait	-	0.000009
19197348	rs7069923	trait	-	0.000001
19197348	rs1042725	trait	-	0.000000
19197348	rs7153027	trait	-	0.000000
19197348	rs2527866	trait	-	0.000003
19197348	rs7553007	trait	-	0.000000
19197348	rs925488	trait	-	0.000003
19197348	rs563694	trait	-	0.000000
19197348	rs2727789	trait	-	0.000000
19197348	rs4420638	trait	-	0.000000
19197348	rs780094	trait	-	0.000000
19197348	rs1877431	trait	-	0.000003
19197348	rs10983932	trait	-	0.000003
19197348	rs12130333	trait	-	0.000000
19197348	rs724016	trait	-	0.000000
19197348	rs6462411	trait	-	0.000001
19197348	rs17718077	trait	-	0.000003
19197348	rs4537545	trait	-	0.000000
19197348	rs798544	trait	-	0.000000
19197348	rs17321515	trait	-	0.000000
19197348	rs4129267	trait	-	0.000000
19197348	rs10503669	trait	-	0.000000
19197348	rs3809314	trait	-	0.000010
19197348	rs7396835	trait	-	0.000000
19197348	rs3846663	trait	-	0.000001
19197348	rs10508517	trait	-	0.000006
19197348	rs6018089	trait	-	0.000002
19197348	rs10984516	trait	-	0.000004
19197348	rs2156552	trait	-	0.000000
19197348	rs7917302	trait	-	0.000002
19197348	rs4743136	trait	-	0.000002
19197348	rs17157663	trait	-	0.000009
19197348	rs976731	trait	-	0.000007
19197348	rs976730	trait	-	0.000008
19197348	rs10486715	trait	-	0.000003
19197348	rs1800775	trait	-	0.000000
19197348	rs693	trait	-	0.000000
19197348	rs2527865	trait	-	0.000004
19197348	rs12539695	trait	-	0.000006
19197348	rs2159324	trait	-	0.000000
19197348	rs4743034	trait	-	0.000000
19197348	rs7036589	trait	-	0.000007
19197348	rs7310409	trait	-	0.000000
19197348	rs6958535	trait	-	0.000003
19197348	rs11066587	trait	-	0.000005
19197348	rs4846914	trait	-	0.000000
19197348	rs1892534	trait	-	0.000000
19197348	rs2081302	trait	-	0.000009
19197348	rs967417	trait	-	0.000000
19197348	rs3760318	trait	-	0.000000
19197348	rs2393791	trait	-	0.000000
19197348	rs4794665	trait	-	0.000000
19197348	rs2071523	trait	-	0.000000
19197348	rs2071521	trait	-	0.000000
20169177	rs7922169	Systemic Lupus Erythematosus	-	0.000010
20169177	rs2254546	Systemic Lupus Erythematosus	-	0.000010
20169177	rs2663052	Systemic Lupus Erythematosus	-	0.000010
20169177	rs6590330	Systemic Lupus Erythematosus	-	0.000009
20169177	rs729302	Systemic Lupus Erythematosus	-	0.000010
20169177	rs7097397	Systemic Lupus Erythematosus	-	0.000000
20169177	rs10893872	Systemic Lupus Erythematosus	-	0.000000
20169177	rs9275328	Systemic Lupus Erythematosus	-	0.000001
20169177	rs877819	Systemic Lupus Erythematosus	-	0.000000
20169177	rs7574865	Systemic Lupus Erythematosus	-	0.000000
20169177	rs2736340	Systemic Lupus Erythematosus	-	0.000009
20169177	rs1128334	Systemic Lupus Erythematosus	-	0.000000
20169177	rs10857650	Systemic Lupus Erythematosus	-	0.000005
20169177	rs2230926	Systemic Lupus Erythematosus	-	0.000000
20169177	rs10168266	Systemic Lupus Erythematosus	-	0.000000
20169177	rs9271366	Systemic Lupus Erythematosus	-	0.000000
18840781	rs12931878	Type 1 Diabetes	-	0.000000
18840781	rs1035089	Type 1 Diabetes	-	0.000001
18840781	rs3757247	Type 1 Diabetes	-	0.000001
18840781	rs1230661	Type 1 Diabetes	-	0.000000
18840781	rs17673553	Type 1 Diabetes	-	0.000000
18840781	rs8035957	Type 1 Diabetes	-	0.000004
18840781	rs7529353	Type 1 Diabetes	-	0.000000
18840781	rs12029644	Type 1 Diabetes	-	0.000006
18840781	rs1983853	Type 1 Diabetes	-	0.000002
18840781	rs10876864	Type 1 Diabetes	-	0.000000
18840781	rs1217407	Type 1 Diabetes	-	0.000000
18840781	rs3118470	Type 1 Diabetes	-	0.000001
18840781	rs2041670	Type 1 Diabetes	-	0.000000
18840781	rs7072793	Type 1 Diabetes	-	0.000000
18840781	rs1004446	Type 1 Diabetes	-	0.000000
18840781	rs10758593	Type 1 Diabetes	-	0.000003
18840781	rs9976767	Type 1 Diabetes	-	0.000000
18840781	rs1701704	Type 1 Diabetes	-	0.000000
18840781	rs12566340	Type 1 Diabetes	-	0.000000
18840781	rs706779	Type 1 Diabetes	-	0.000000
18840781	rs13330041	Type 1 Diabetes	-	0.000000
18840781	rs7073236	Type 1 Diabetes	-	0.000000
18840781	rs4839335	Type 1 Diabetes	-	0.000000
18840781	rs2358994	Type 1 Diabetes	-	0.000000
18840781	rs725613	Type 1 Diabetes	-	0.000000
18840781	rs11171710	Type 1 Diabetes	-	0.000000
19651812	rs3847554	Glucose|Melatonin	-	0.000000
19651812	rs1387153	Glucose|Melatonin	-	0.000000
19651812	rs2166706	Glucose|Melatonin	-	0.000000
19081515	rs6794719	Jakob disease	-	0.000000
19081515	rs1799990	Jakob disease	-	0.000000
19081515	rs6107516	Jakob disease	-	0.000000
19961619	rs7843085	atopy	-	0.000000
19961619	rs2501618	atopy	-	0.000000
19961619	rs9292961	atopy	-	0.000001
19961619	rs13273924	atopy	-	0.000001
19961619	rs9376221	atopy	-	0.000000
19961619	rs4952590	atopy	-	0.000000
19961619	rs2330183	atopy	-	0.000000
19961619	rs7629719	atopy	-	0.000000
19609347	rs4613079	Blood Pressure|Hypertension	-	0.000001
19609347	rs2146204	Blood Pressure|Hypertension	-	0.000003
19609347	rs991316	Blood Pressure|Hypertension	-	0.000003
19609347	rs9301196	Blood Pressure|Hypertension	-	0.000007
19609347	rs9590141	Blood Pressure|Hypertension	-	0.000001
19609347	rs2183737	Blood Pressure|Hypertension	-	0.000001
19609347	rs11846013	Blood Pressure|Hypertension	-	0.000005
19609347	rs10135446	Blood Pressure|Hypertension	-	0.000004
19609347	rs9791170	Blood Pressure|Hypertension	-	0.000001
19609347	rs5743185	Blood Pressure|Hypertension	-	0.000000
19609347	rs7902529	Blood Pressure|Hypertension	-	0.000006
19609347	rs11120313	Blood Pressure|Hypertension	-	0.000005
19609347	rs12279202	Blood Pressure|Hypertension	-	0.000000
19609347	rs13201744	Blood Pressure|Hypertension	-	0.000001
19609347	rs1550576	Blood Pressure|Hypertension	-	0.000003
19609347	rs16877320	Blood Pressure|Hypertension	-	0.000000
19609347	rs11160059	Blood Pressure|Hypertension	-	0.000000
19609347	rs17365948	Blood Pressure|Hypertension	-	0.000000
19609347	rs3751664	Blood Pressure|Hypertension	-	0.000000
19609347	rs2823756	Blood Pressure|Hypertension	-	0.000006
19609347	rs8039294	Blood Pressure|Hypertension	-	0.000006
19609347	rs16848861	Blood Pressure|Hypertension	-	0.000005
19609347	rs11659639	Blood Pressure|Hypertension	-	0.000000
19609347	rs16853574	Blood Pressure|Hypertension	-	0.000005
19609347	rs1867226	Blood Pressure|Hypertension	-	0.000001
19721433	rs10484256	Antipsychotics|Response to	-	0.000003
19721433	rs17727261	Antipsychotics|Response to	-	0.000001
19721433	rs12526186	Antipsychotics|Response to	-	0.000003
19721433	rs17815774	Antipsychotics|Response to	-	0.000003
19721433	rs17390445	Antipsychotics|Response to	-	0.000000
19721433	rs10888501	Antipsychotics|Response to	-	0.000001
19721433	rs11722719	Antipsychotics|Response to	-	0.000001
19721433	rs7968606	Antipsychotics|Response to	-	0.000000
19721433	rs7635839	Antipsychotics|Response to	-	0.000003
19721433	rs1040994	Antipsychotics|Response to	-	0.000002
19721433	rs888219	Antipsychotics|Response to	-	0.000000
19343178	rs12189801	height	-	0.000000
19343178	rs910316	height	-	0.000000
19343178	rs3125945	height	-	0.000004
19343178	rs7596521	height	-	0.000003
19343178	rs2814993	height	-	0.000000
19343178	rs1523632	height	-	0.000008
19343178	rs1480474	height	-	0.000000
19343178	rs8756	height	-	0.000000
19343178	rs2282978	height	-	0.000000
19343178	rs1182188	height	-	0.000000
19343178	rs12325866	height	-	0.000003
19343178	rs1812175	height	-	0.000000
19343178	rs6570507	height	-	0.000000
19343178	rs3118916	height	-	0.000000
19343178	rs4842838	height	-	0.000000
19343178	rs7086883	height	-	0.000003
19343178	rs2011962	height	-	0.000000
19343178	rs6854334	height	-	0.000000
19343178	rs6088619	height	-	0.000001
19343178	rs3131296	height	-	0.000008
19343178	rs11809207	height	-	0.000000
19343178	rs1182179	height	-	0.000000
19343178	rs6817306	height	-	0.000000
19343178	rs7815788	height	-	0.000005
19343178	rs2401171	height	-	0.000000
19343178	rs4911494	height	-	0.000000
19343178	rs1776897	height	-	0.000000
19343178	rs3116607	height	-	0.000000
19343178	rs3767141	height	-	0.000000
19343178	rs6830062	height	-	0.000000
19343178	rs710841	height	-	0.000000
19343178	rs4711269	height	-	0.000000
19343178	rs10946808	height	-	0.000000
19343178	rs3752556	height	-	0.000001
19343178	rs1402078	height	-	0.000006
19343178	rs10472828	height	-	0.000000
19343178	rs753628	height	-	0.000010
19343178	rs7871764	height	-	0.000002
19343178	rs2714357	height	-	0.000005
19343178	rs7183263	height	-	0.000000
19343178	rs13437082	height	-	0.000000
19343178	rs849141	height	-	0.000000
19343178	rs955748	height	-	0.000000
19343178	rs742106	height	-	0.000000
19343178	rs9358913	height	-	0.000000
19343178	rs7533282	height	-	0.000007
19343178	rs3118914	height	-	0.000000
19343178	rs7742369	height	-	0.000000
19343178	rs6763931	height	-	0.000000
19343178	rs6088813	height	-	0.000000
19343178	rs3118912	height	-	0.000000
20173748	rs2869967	chronic obstructive pulmonary disease|associated with chronic	-	0.000001
20173748	rs1903003	chronic obstructive pulmonary disease|associated with chronic	-	0.000000
20173748	rs7671167	chronic obstructive pulmonary disease|associated with chronic	-	0.000000
19448621	rs2153157	menopause|age at menarche	-	0.000000
19448621	rs314280	menopause|age at menarche	-	0.000000
19448621	rs691141	menopause|age at menarche	-	0.000000
19448621	rs7861820	menopause|age at menarche	-	0.000000
19448621	rs1551562	menopause|age at menarche	-	0.000000
19448621	rs12611091	menopause|age at menarche	-	0.000000
19448621	rs7718874	menopause|age at menarche	-	0.000000
19448621	rs314277	menopause|age at menarche	-	0.000000
19448621	rs4946651	menopause|age at menarche	-	0.000000
19448621	rs369065	menopause|age at menarche	-	0.000000
19448621	rs16991615	menopause|age at menarche	-	0.000000
19448621	rs897798	menopause|age at menarche	-	0.000000
19448621	rs365132	menopause|age at menarche	-	0.000000
19448621	rs12684013	menopause|age at menarche	-	0.000000
19448621	rs1172822	menopause|age at menarche	-	0.000000
19448621	rs4452860	menopause|age at menarche	-	0.000000
19448621	rs402511	menopause|age at menarche	-	0.000000
19448621	rs2278493	menopause|age at menarche	-	0.000000
19448621	rs7246479	menopause|age at menarche	-	0.000000
19448621	rs7028916	menopause|age at menarche	-	0.000000
19448621	rs314263	menopause|age at menarche	-	0.000000
19448621	rs314262	menopause|age at menarche	-	0.000000
19448621	rs2384687	menopause|age at menarche	-	0.000000
20173747	rs13038095	Atrial Fibrillation	-	0.000000
20173747	rs13376333	Atrial Fibrillation	-	0.000000
20173747	rs6843082	Atrial Fibrillation	-	0.000000
20011104	rs1648707	Adiponectin Levels	-	0.000000
20011104	rs4311394	Adiponectin Levels	-	0.000000
20011104	rs266717	Adiponectin Levels	-	0.000000
20011104	rs6444175	Adiponectin Levels	-	0.000000
20011104	rs1426810	Adiponectin Levels	-	0.000000
19359265	rs7374458	telomere length|locus on chromosome	-	0.000005
19359265	rs4407366	telomere length|locus on chromosome	-	0.000009
19169254	rs610604	Psoriasis	-	0.000000
19169254	rs1076160	Psoriasis	-	0.000006
19169254	rs20541	Psoriasis	-	0.000000
19169254	rs2082412	Psoriasis	-	0.000000
19169254	rs2066808	Psoriasis	-	0.000000
19169254	rs12191877	Psoriasis	-	0.000000
19169254	rs2201841	Psoriasis	-	0.000000
19169254	rs17728338	Psoriasis	-	0.000000
17903308	rs1940013	sleep|circadian phenotypes	-	0.000006
17903308	rs2218488	sleep|circadian phenotypes	-	0.000003
17903308	rs1823068	sleep|circadian phenotypes	-	0.000000
17903308	rs10492604	sleep|circadian phenotypes	-	0.000004
17903308	rs949175	sleep|circadian phenotypes	-	0.000010
17903308	rs6599077	sleep|circadian phenotypes	-	0.000000
17903305	rs458685	prostate cancer	-	0.000006
17903305	rs1978503	prostate cancer	-	0.000001
17903305	rs1876206	prostate cancer	-	0.000006
17903305	rs7329659	prostate cancer	-	0.000006
17903305	rs208354	prostate cancer	-	0.000000
17903305	rs345013	prostate cancer	-	0.000005
17903305	rs6556756	prostate cancer	-	0.000000
17903305	rs7610584	prostate cancer	-	0.000001
17903305	rs7989050	prostate cancer	-	0.000006
17903305	rs2075555	prostate cancer	-	0.000000
17903305	rs1529276	prostate cancer	-	0.000002
17903305	rs10498792	prostate cancer	-	0.000003
17903305	rs10513681	prostate cancer	-	0.000001
17903305	rs10487577	prostate cancer	-	0.000000
17903305	rs10490113	prostate cancer	-	0.000005
17903305	rs9311171	prostate cancer	-	0.000002
17903305	rs4466137	prostate cancer	-	0.000003
17903305	rs10263639	prostate cancer	-	0.000003
17903305	rs1926657	prostate cancer	-	0.000002
17903305	rs1154865	prostate cancer	-	0.000001
17903307	rs357394	pulmonary function	-	0.000009
17903307	rs10922530	pulmonary function	-	0.000001
17903307	rs1409149	pulmonary function	-	0.000009
17903307	rs730532	pulmonary function	-	0.000006
17903307	rs2906966	pulmonary function	-	0.000008
17903307	rs2838815	pulmonary function	-	0.000003
17903307	rs1455782	pulmonary function	-	0.000004
17903307	rs3753683	pulmonary function	-	0.000002
17903307	rs3820928	pulmonary function	-	0.000005
17903307	rs219326	pulmonary function	-	0.000009
17903307	rs808225	pulmonary function	-	0.000007
17903307	rs2225434	pulmonary function	-	0.000010
17903307	rs219349	pulmonary function	-	0.000006
17903307	rs10516541	pulmonary function	-	0.000004
17903307	rs156697	pulmonary function	-	0.000010
17903307	rs3867498	pulmonary function	-	0.000001
17903307	rs564425	pulmonary function	-	0.000010
17903307	rs219391	pulmonary function	-	0.000006
17903307	rs310558	pulmonary function	-	0.000005
17903307	rs441051	pulmonary function	-	0.000002
17903307	rs1994169	pulmonary function	-	0.000010
17903307	rs4129267	pulmonary function	-	0.000007
17903306	rs1395479	heart rate|variability traits	-	0.000007
17903306	rs882300	heart rate|variability traits	-	0.000000
17903306	rs10507380	heart rate|variability traits	-	0.000008
17903306	rs9315385	heart rate|variability traits	-	0.000008
19714249	rs4756846	Obesity|Osteoporosis Phenotypes	-	0.000001
19714249	rs297325	Obesity|Osteoporosis Phenotypes	-	0.000000
19936222	rs2909207	Cholesterol|Lipoprotein	-	0.000000
19936222	rs4731702	Cholesterol|Lipoprotein	-	0.000000
19936222	rs7923609	Cholesterol|Lipoprotein	-	0.000000
19936222	rs983309	Cholesterol|Lipoprotein	-	0.000000
19936222	rs7307277	Cholesterol|Lipoprotein	-	0.000000
19936222	rs1818702	Cholesterol|Lipoprotein	-	0.000000
19936222	rs2076530	Cholesterol|Lipoprotein	-	0.000000
19936222	rs10778213	Cholesterol|Lipoprotein	-	0.000000
19936222	rs3129882	Cholesterol|Lipoprotein	-	0.000000
19936222	rs7938647	Cholesterol|Lipoprotein	-	0.000000
19936222	rs12768534	Cholesterol|Lipoprotein	-	0.000000
19936222	rs3856637	Cholesterol|Lipoprotein	-	0.000000
19936222	rs2480	Cholesterol|Lipoprotein	-	0.000000
19812673	rs12293188	AUTISM	-	0.000001
19812673	rs7923367	AUTISM	-	0.000003
19812673	rs17088254	AUTISM	-	0.000008
19812673	rs16910194	AUTISM	-	0.000004
19812673	rs952834	AUTISM	-	0.000008
19812673	rs7766973	AUTISM	-	0.000001
19812673	rs4742409	AUTISM	-	0.000008
19812673	rs10513026	AUTISM	-	0.000005
19812673	rs10513025	AUTISM	-	0.000000
18262040	rs4560142	cardiovascular disease	-	0.000000
18262040	rs11668477	cardiovascular disease	-	0.000002
18262040	rs4591370	cardiovascular disease	-	0.000000
18262040	rs10402271	cardiovascular disease	-	0.000000
18262040	rs2075650	cardiovascular disease	-	0.000000
18262040	rs599839	cardiovascular disease	-	0.000000
18262040	rs4605275	cardiovascular disease	-	0.000000
18262040	rs4803750	cardiovascular disease	-	0.000000
18262040	rs693	cardiovascular disease	-	0.000000
18262040	rs646776	cardiovascular disease	-	0.000000
18262040	rs478442	cardiovascular disease	-	0.000000
18262040	rs576203	cardiovascular disease	-	0.000000
18262040	rs2228671	cardiovascular disease	-	0.000000
18262040	rs7575840	cardiovascular disease	-	0.000000
18262040	rs629301	cardiovascular disease	-	0.000000
18262040	rs4970834	cardiovascular disease	-	0.000000
18262040	rs602633	cardiovascular disease	-	0.000000
18262040	rs538928	cardiovascular disease	-	0.000000
18262040	rs506585	cardiovascular disease	-	0.000000
18262040	rs4420638	cardiovascular disease	-	0.000000
18262040	rs1713222	cardiovascular disease	-	0.000000
18262040	rs12740374	cardiovascular disease	-	0.000000
18262040	rs611917	cardiovascular disease	-	0.000000
18262040	rs488507	cardiovascular disease	-	0.000000
18262040	rs660240	cardiovascular disease	-	0.000000
18262040	rs562338	cardiovascular disease	-	0.000000
18262040	rs6657811	cardiovascular disease	-	0.000000
19798445	rs4695267	Sphingolipid	-	0.000001
19798445	rs10938494	Sphingolipid	-	0.000000
19798445	rs7157785	Sphingolipid	-	0.000000
19798445	rs1000778	Sphingolipid	-	0.000001
19798445	rs12881815	Sphingolipid	-	0.000000
19798445	rs4902242	Sphingolipid	-	0.000000
19798445	rs2351791	Sphingolipid	-	0.000000
19798445	rs11666866	Sphingolipid	-	0.000000
19798445	rs2967625	Sphingolipid	-	0.000000
19798445	rs4459477	Sphingolipid	-	0.000000
19798445	rs1466448	Sphingolipid	-	0.000000
19798445	rs1959033	Sphingolipid	-	0.000000
19798445	rs680379	Sphingolipid	-	0.000000
19798445	rs7258249	Sphingolipid	-	0.000000
19798445	rs12889954	Sphingolipid	-	0.000000
20174558	rs7192960	Type 2 Diabetes	-	0.000008
20174558	rs4845624	Type 2 Diabetes	-	0.000006
19570815	rs10472828	height|natriuretic peptide	-	0.000000
19570815	rs139909	height|natriuretic peptide	-	0.000000
19570815	rs6717918	height|natriuretic peptide	-	0.000000
18823527	Rs7798395	late-onset Alzheimer's disease	-	0.000002
18823527	Rs3754675	late-onset Alzheimer's disease	-	0.000006
18823527	Rs13397414	late-onset Alzheimer's disease	-	0.000000
18823527	Rs16916856	late-onset Alzheimer's disease	-	0.000008
18823527	Rs727153	late-onset Alzheimer's disease	-	0.000003
18823527	Rs405509	late-onset Alzheimer's disease	-	0.000000
18823527	Rs157580	late-onset Alzheimer's disease	-	0.000000
18823527	Rs201825	late-onset Alzheimer's disease	-	0.000001
18823527	Rs439401	late-onset Alzheimer's disease	-	0.000000
18823527	Rs6859	late-onset Alzheimer's disease	-	0.000000
18823527	Rs1911014	late-onset Alzheimer's disease	-	0.000004
18604267	rs687289	ICAM-1|Antigen	-	0.000000
18604267	rs1799969	ICAM-1|Antigen	-	0.000000
18604267	rs5498	ICAM-1|Antigen	-	0.000000
18604267	rs281440	ICAM-1|Antigen	-	0.000000
18604267	rs500498	ICAM-1|Antigen	-	0.000000
18604267	rs10409243	ICAM-1|Antigen	-	0.000000
18604267	rs2304237	ICAM-1|Antigen	-	0.000000
18604267	rs687621	ICAM-1|Antigen	-	0.000000
18604267	rs7258015	ICAM-1|Antigen	-	0.000000
18604267	rs2075741	ICAM-1|Antigen	-	0.000000
18604267	rs505922	ICAM-1|Antigen	-	0.000000
18604267	rs507666	ICAM-1|Antigen	-	0.000000
18604267	rs2278442	ICAM-1|Antigen	-	0.000000
18604267	rs3093030	ICAM-1|Antigen	-	0.000000
18604267	rs923366	ICAM-1|Antigen	-	0.000000
18604267	rs281437	ICAM-1|Antigen	-	0.000000
18604267	rs8111930	ICAM-1|Antigen	-	0.000000
18604267	rs7256672	ICAM-1|Antigen	-	0.000000
18604267	rs2116941	ICAM-1|Antigen	-	0.000000
18604267	rs657152	ICAM-1|Antigen	-	0.000000
19116933	rs12046117	juvenile idiopathic arthritis	-	0.000001
